{
  "config": {
    "n_warmup": 10,
    "n_iters": 100,
    "batch_size": 2,
    "seq_len": 32,
    "tokens_per_step": 64,
    "num_layers": 28,
    "num_experts": 64,
    "hidden_dim": 64,
    "top_k": 8,
    "device": "cuda",
    "environment": {
      "os": "Windows 10.0.26200",
      "cpu": "AMD64 Family 26 Model 36 Stepping 0, AuthenticAMD",
      "cores": "10 physical / 20 logical",
      "ram_gb": 24.8,
      "gpu": "NVIDIA GeForce RTX 4050 Laptop GPU",
      "vram_gb": 6.4,
      "cuda": "12.6",
      "pytorch": "2.11.0+cu126",
      "python": "3.13.7"
    }
  },
  "targets": {
    "fwd_overhead_pct": 3.0,
    "bwd_overhead_pct": 5.0
  },
  "baseline": {
    "fwd": {
      "mean_ms": 1497.3334430111572,
      "median_ms": 1472.6134000811726,
      "p95_ms": 1925.93829985708,
      "p99_ms": 3343.9956000074744,
      "min_ms": 1062.6290999352932,
      "max_ms": 3343.9956000074744,
      "std_ms": 289.26277907607886
    },
    "bwd": {
      "mean_ms": 2220.109072010964,
      "median_ms": 2232.883600052446,
      "p95_ms": 2700.6353000178933,
      "p99_ms": 3041.7750999331474,
      "min_ms": 1590.6851002946496,
      "max_ms": 3041.7750999331474,
      "std_ms": 316.95264294023013
    },
    "total": {
      "mean_ms": 3717.4425150221214,
      "median_ms": 3747.1718001179397,
      "p95_ms": 4509.758200030774,
      "p99_ms": 6063.357099890709,
      "min_ms": 2694.099999964237,
      "max_ms": 6063.357099890709,
      "std_ms": 537.5462564922593
    },
    "tokens_per_sec": 17.216137100002783,
    "peak_gpu_mem_delta_mb": 470.04638671875
  },
  "monitored": {
    "fwd": {
      "mean_ms": 1419.5753779821098,
      "median_ms": 1390.553249977529,
      "p95_ms": 1977.2906000725925,
      "p99_ms": 2063.0076001398265,
      "min_ms": 1063.1917999126017,
      "max_ms": 2063.0076001398265,
      "std_ms": 264.449918712784
    },
    "bwd": {
      "mean_ms": 2156.334919994697,
      "median_ms": 2204.712549922988,
      "p95_ms": 2861.547799780965,
      "p99_ms": 3057.586200069636,
      "min_ms": 1646.2900000624359,
      "max_ms": 3057.586200069636,
      "std_ms": 367.9723691174836
    },
    "total": {
      "mean_ms": 3575.9102979768068,
      "median_ms": 3613.0988500081003,
      "p95_ms": 4700.802800245583,
      "p99_ms": 5057.6957003213465,
      "min_ms": 2750.911199953407,
      "max_ms": 5057.6957003213465,
      "std_ms": 584.3378484509724
    },
    "tokens_per_sec": 17.89754067270932,
    "peak_gpu_mem_delta_mb": 503.17529296875
  },
  "overhead": {
    "fwd_mean_pct": -5.193102804988777,
    "bwd_mean_pct": -2.8725684165823826,
    "total_mean_pct": -3.8072469573741987,
    "tps_delta_pct": 3.957935329792569,
    "fwd_pass": true,
    "bwd_pass": true
  }
}